layer,figure,m,k,g,n,error_mean,error_std,bound_mean,bound_std
3,prompt,1,1,0,400,0.0006573801448703087,0.00039038149706082894,0.06200569019649931,0.03609278965258685
3,prompt,2,1,0,400,0.0012413522750519491,0.0007212994864125747,0.09742012270549821,0.05634392754818556
3,prompt,4,1,0,400,0.0023064841393190738,0.0013228241314859862,0.14308176980114187,0.08202907720919032
3,prompt,8,1,0,400,0.004240901264462239,0.0024377660889890345,0.1958443492958174,0.1117746018028455
3,prompt,16,1,0,400,0.007288909521476115,0.004226902318428435,0.25195071759530246,0.14379371272726033
3,prompt,32,1,0,400,0.011480629863682477,0.0068233102144660265,0.30901858535774795,0.17755714332547545
3,prompt,64,1,0,400,0.01853039765456404,0.010659583325463773,0.36906100815612936,0.21191475982111013
3,prompt,128,1,0,400,0.026327629779836534,0.015106837351152586,0.4298225146819796,0.23183642657726874
3,steering,4,1,0,95,0.0011148389394278673,0.0006788545314496986,0.16970385120952433,0.09984323595384348
3,steering,4,2,0,95,0.000966083719041051,0.0006290667924448917,0.12097252412978989,0.06891997379319088
3,steering,4,4,0,95,0.0009411188759023894,0.0006530547885594912,0.08119116151107451,0.044243086238832885
3,steering,4,4,4,95,0.007206033524709718,0.0024430039280719934,0.22547157058488168,0.04612738139002576
3,steering,4,4,12,95,0.01902038945860315,0.00643756246201362,0.3267062815595866,0.048220844125737426
3,steering,4,4,28,95,0.0417475809856778,0.013891312850964163,0.40388259816303196,0.05048572704512509
3,steering,4,4,60,95,0.0826815464880444,0.025612798742057966,0.47926795672371675,0.05560570479631219
3,steering,4,4,124,95,0.15256859981860235,0.04300421030923306,0.5713518158352744,0.06638957710595303
3,steering,4,8,0,95,0.000881417704139499,0.0006489443040597706,0.05477258100331516,0.026267938962117227
3,steering,4,16,0,95,0.0005847700236708337,0.00044747585525428094,0.038516129309134825,0.015174703554809935
3,steering,4,32,0,95,0.0003654616774070566,0.00027955839314176253,0.029704124771627167,0.009015796290786665
3,steering,4,64,0,95,0.00022549912918664916,0.00017128054015261518,0.026057227089916667,0.0061694332334215965
3,steering,4,128,0,95,0.00016805365144299464,0.00015493718815384373,0.0245976780534416,0.0051454860460405216
9,prompt,1,1,0,400,0.004345524993460457,0.0017259490334880906,0.657247624873349,0.24435257739828886
9,prompt,2,1,0,400,0.010150911847092665,0.004228794348324643,1.181754948969236,0.47512070549856095
9,prompt,4,1,0,400,0.027082670395088937,0.011024802279934867,1.8867115759466606,0.755946822945551
9,prompt,8,1,0,400,0.05066762078332582,0.020447235183437863,2.4078612637884462,0.9016205276174558
9,prompt,16,1,0,400,0.0759159873968169,0.0328605147297924,2.9994819821869565,1.0603628760968504
9,prompt,32,1,0,400,0.12637124484483125,0.05304475625244495,3.774677860351805,1.2195613216876913
9,prompt,64,1,0,400,0.19311064545344092,0.07007624660127551,4.5913188470697905,1.3118567990133483
9,prompt,128,1,0,400,0.25122112312729317,0.08324415564639652,5.282714879039904,1.3302660783881668
9,steering,4,1,0,95,0.01325801130386196,0.005320201044226174,1.8830899130426995,0.7320196184969596
9,steering,4,2,0,95,0.01197564616617506,0.005137207327319882,1.7146132375206486,0.6368625007884979
9,steering,4,4,0,95,0.01124624923229726,0.005735158968663588,1.5774051818148038,0.5891812902565683
9,steering,4,4,4,95,0.060319102335395516,0.027043560455183847,2.6757107483085605,0.6492124610885388
9,steering,4,4,12,95,0.16529297747474025,0.06634231010063314,3.7101473964656995,0.8108695437222814
9,steering,4,4,28,95,0.32234617339019656,0.11355787277542789,4.529216686879198,0.8802582954059536
9,steering,4,4,60,95,0.5751580907267161,0.1686388286626603,5.4172779796787145,0.9484114834400255
9,steering,4,4,124,95,0.9298002920802868,0.21928546383297687,6.479083149800263,1.032917363318817
9,steering,4,8,0,95,0.010872271561886833,0.0064207296151296165,1.5740508234555561,0.537611390056152
9,steering,4,16,0,95,0.009895060880326661,0.006241003570608457,2.0485257622924222,0.5865853302154747
9,steering,4,32,0,95,0.009246856570126418,0.006103252227186995,2.2681209782419924,0.551283770474293
9,steering,4,64,0,95,0.00883996480126198,0.005923815529211126,2.636973070093161,0.6386340473841433
9,steering,4,128,0,95,0.009103199320847594,0.005943771172790793,3.1883872993067603,0.851948363890359
18,prompt,1,1,0,400,0.026959181956711632,0.01349966882562938,8.831376336998616,2.5074309748156205
18,prompt,2,1,0,400,0.04774124921452998,0.02668804769234782,12.279228106422229,3.4828319089806095
18,prompt,4,1,0,400,0.08175103973764189,0.04660655095850457,16.903132025052074,3.6439841943700637
18,prompt,8,1,0,400,0.15137616996031023,0.09462943328636599,19.58901408135359,4.788616357337732
18,prompt,16,1,0,400,0.27832359477801655,0.19364587470539513,23.122031889932483,5.031572887055965
18,prompt,32,1,0,400,0.578291708415889,0.46533419213320104,27.0755166787681,5.3251576195670145
18,prompt,64,1,0,400,0.9930490254560718,0.8702760212684268,30.80226621106618,6.224187062424896
18,prompt,128,1,0,400,1.613361378199705,1.486740669260392,36.785080500050206,7.499884898999319
18,steering,4,1,0,95,0.05619215233072792,0.029266017798165827,18.0324675804758,3.6785880418471173
18,steering,4,2,0,95,0.05267671218109955,0.026726519216817887,18.103465405490827,3.754954989897128
18,steering,4,4,0,95,0.050582388231818834,0.025359831040388782,19.272752610802918,3.9761294923804105
18,steering,4,4,4,95,0.043209368356593496,0.017073222794511296,21.955808576450245,3.7684697177661213
18,steering,4,4,12,95,0.05901165720918351,0.024779599633840608,27.097692507188214,5.8045107941732645
18,steering,4,4,28,95,0.1304251676126824,0.06730552315525169,30.9036412176474,6.22002725956653
18,steering,4,4,60,95,0.3003432052000258,0.18677737036883027,37.29065307091314,7.6861520130929835
18,steering,4,4,124,95,0.6248099180256957,0.39354580009000645,43.98434945154595,6.121749597695931
18,steering,4,8,0,95,0.04752834919033186,0.023982221208220494,19.78647519731489,3.9865355543442305
18,steering,4,16,0,95,0.04489736984604514,0.021824774813149605,24.636187009139295,6.374027824873467
18,steering,4,32,0,95,0.04195587279627643,0.019101137049377156,27.575054230288224,7.123680084491883
18,steering,4,64,0,95,0.04197585452115213,0.017555567766998872,33.2521088615571,7.681069658287043
18,steering,4,128,0,95,0.043379447743307105,0.01805891209976017,38.452311897724094,8.215763980842482
27,prompt,1,1,0,400,0.2226695410429479,0.7001306181463385,18.051077064669144,7.101937344388177
27,prompt,2,1,0,400,0.4625460270336428,1.1649780714302485,24.147187946350186,4.765113611229465
27,prompt,4,1,0,400,0.6590555053425444,1.2831249783919993,26.903602025840364,2.725005761027044
27,prompt,8,1,0,400,0.9588975223964311,1.3509090184326114,28.04048453054236,1.5867954093011247
27,prompt,16,1,0,400,1.2428455028981265,1.584800749316241,28.18090415104874,1.4692761252075883
27,prompt,32,1,0,400,1.302467880374109,1.6075282004102938,28.267887136480905,1.3686568866543052
27,prompt,64,1,0,400,1.4008392118896251,1.6401207891092544,28.481735930618417,1.2551818014367901
27,prompt,128,1,0,400,1.4316352604975797,1.6532570476567665,28.603441566333576,1.2229404982708805
27,steering,4,1,0,95,0.1927894191866762,0.36797507235655175,27.902101584301477,2.877836924081268
27,steering,4,2,0,95,0.7079603224664637,1.2849746206624373,29.11835425227367,2.052961131181538
27,steering,4,4,0,95,0.7889465226132603,1.3554599388813835,30.361388905143347,1.3574201810040878
27,steering,4,4,4,95,1.0883562526637436,1.750563611533573,30.86898670605539,1.4980607522652079
27,steering,4,4,12,95,1.3801048105636624,2.1969084473825866,31.172288472079643,1.499666739295537
27,steering,4,4,28,95,2.6636370663311335,3.6162280443214883,31.653390178093396,1.6228785936653376
27,steering,4,4,60,95,4.099957502777938,4.020624154628234,32.07137438712348,1.6578062744338407
27,steering,4,4,124,95,6.040991929437387,3.7422107991425713,32.328112430460436,1.5622944514771897
27,steering,4,8,0,95,0.9914682848534773,1.764131622173688,30.4418578945556,1.3892461139437895
27,steering,4,16,0,95,1.2032333223120102,1.9120326774145127,30.076652604963478,1.4566621702664484
27,steering,4,32,0,95,1.1287635645980434,1.6109707765887125,29.48806469200425,1.27513486908443
27,steering,4,64,0,95,1.0783793956910959,1.5852443476399922,29.438355734358865,1.2992890202693377
27,steering,4,128,0,95,1.088923911640739,1.6268747795961753,29.40303300433014,1.2579156813374162
34,prompt,1,1,0,400,1.563260949900661,7.514086747125949,137.71399530147937,23.60035948215726
34,prompt,2,1,0,400,1.7393334143409596,8.744873290503293,145.913394061909,15.18072349341691
34,prompt,4,1,0,400,2.648090981810335,10.673353121144988,146.36480837080757,14.393466395351215
34,prompt,8,1,0,400,3.806193831667527,12.999996338413624,147.7245799676762,13.35792051992818
34,prompt,16,1,0,400,3.806224883572609,13.000031359590118,147.7282842749052,13.355479129511975
34,prompt,32,1,0,400,4.052038808319545,13.170576879119649,148.3512637703422,12.97473282251877
34,prompt,64,1,0,400,4.588096498994232,14.088369445546832,150.2467669814,12.071131328772118
34,prompt,128,1,0,400,7.253021546214184,17.52073431370835,150.31873542344422,12.03273242331464
34,steering,4,1,0,95,1.1207240120642623,6.238339679647525,160.3340535070021,13.178275331405978
34,steering,4,2,0,95,1.3753386681102637,6.662229687077205,160.44423363528276,13.071222192341029
34,steering,4,4,0,95,1.7378658362907027,6.9764979828486196,160.38959749136632,13.154201116311892
34,steering,4,4,4,95,1.7378658362907031,6.97649798284862,160.38959749136632,13.154201116311892
34,steering,4,4,12,95,1.7378658539636478,6.976497978399407,160.38959749136632,13.154201116311892
34,steering,4,4,28,95,1.7378665288975157,6.97649780848593,160.38959749136632,13.154201116311892
34,steering,4,4,60,95,1.7378665308662957,6.976497812802903,160.39142761372025,13.152530894045222
34,steering,4,4,124,95,1.7378664191738755,6.976497793114761,160.40298692809503,13.150686375133667
34,steering,4,8,0,95,1.7378658362907065,6.97649798284862,160.38959749136632,13.154201116311892
34,steering,4,16,0,95,1.7357013700907493,6.977002619981176,160.38959749136632,13.154201116311892
34,steering,4,32,0,95,1.7354264399262038,6.977071278130581,160.41553914117242,13.16243611311925
34,steering,4,64,0,95,1.7354264399249293,6.977071278131226,160.4155391422217,13.162436111913165
34,steering,4,128,0,95,1.735432929374626,6.977069647107184,160.48733923611505,13.131726438847936
